Eng Principal: Software Engineer, 272.55, 279.36, 286.35, 293.51, 300.84
Eng Principal: Network Engineer, 272.55, 279.36, 286.35, 293.51, 300.84
Eng Principal: Computer System Security Analyst, 272.55, 279.36, 286.35, 293.51, 300.84
Eng Principal: Website Designer, 272.55, 279.36, 286.35, 293.51, 300.84
Eng Principal: Systems Engineer, 272.55, 279.36, 286.35, 293.51, 300.84
Eng Principal: System Integration/Test Engineer, 272.55, 279.36, 286.35, 293.51, 300.84
Eng Principal: Project Engineer, 272.55, 279.36, 286.35, 293.51, 300.84
Eng Principal: Database Engineer, 272.55, 279.36, 286.35, 293.51, 300.84
Eng Principal: Computer Systems Architect, 272.55, 279.36, 286.35, 293.51, 300.84
Eng Principal: Project Management & Planning Operations Representative, 272.55, 279.36, 286.35, 293.51, 300.84
Eng Principal: Program Manager, 272.55, 279.36, 286.35, 293.51, 300.84
Eng Sr. Staff: Software Engineer, 201.26, 206.29, 211.45, 216.74, 222.15
Eng Sr. Staff: Network Engineer, 201.26, 206.29, 211.45, 216.74, 222.15
Eng Sr. Staff: Computer System Security Analyst, 201.26, 206.29, 211.45, 216.74, 222.15
Eng Sr. Staff: Website Designer, 201.26, 206.29, 211.45, 216.74, 222.15
Eng Sr. Staff: Systems Engineer, 201.26, 206.29, 211.45, 216.74, 222.15
Eng Sr. Staff: System Integration/Test Engineer, 201.26, 206.29, 211.45, 216.74, 222.15
Eng Sr. Staff: Project Engineer, 201.26, 206.29, 211.45, 216.74, 222.15
Eng Sr. Staff: Database Engineer, 201.26, 206.29, 211.45, 216.74, 222.15
Eng Sr. Staff: Computer Systems Architect, 201.26, 206.29, 211.45, 216.74, 222.15
Eng Sr. Staff: Project Management & Planning Operations Representative, 201.26, 206.29, 211.45, 216.74, 222.15
Eng Sr. Staff: Program Manager, 201.26, 206.29, 211.45, 216.74, 222.15
Eng Senior: Software Engineer, 150.35, 154.11, 157.96, 161.91, 165.96
Eng Senior: Network Engineer, 150.35, 154.11, 157.96, 161.91, 165.96
Eng Senior: Computer System Security Analyst, 150.35, 154.11, 157.96, 161.91, 165.96
Eng Senior: Website Designer, 150.35, 154.11, 157.96, 161.91, 165.96
Eng Senior: Systems Engineer, 150.35, 154.11, 157.96, 161.91, 165.96
Eng Senior: System Integration/Test Engineer, 150.35, 154.11, 157.96, 161.91, 165.96
Eng Senior: Project Engineer, 150.35, 154.11, 157.96, 161.91, 165.96
Eng Senior: Database Engineer, 150.35, 154.11, 157.96, 161.91, 165.96
Eng Senior: Computer Systems Architect, 150.35, 154.11, 157.96, 161.91, 165.96
Eng Senior: Project Management & Planning Operations Representative, 150.35, 154.11, 157.96, 161.91, 165.96
Eng Senior: Program Manager, 150.35, 154.11, 157.96, 161.91, 165.96
Eng Associate: Software Engineer, 85.16, 87.29, 89.47, 91.71, 94.00
Eng Associate: Network Engineer, 85.16, 87.29, 89.47, 91.71, 94.00
Eng Associate: Computer System Security Analyst, 85.16, 87.29, 89.47, 91.71, 94.00
Eng Associate: Website Designer, 85.16, 87.29, 89.47, 91.71, 94.00
Eng Associate: Systems Engineer, 85.16, 87.29, 89.47, 91.71, 94.00
Eng Associate: System Integration/Test Engineer, 85.16, 87.29, 89.47, 91.71, 94.00
Eng Associate: Project Engineer, 85.16, 87.29, 89.47, 91.71, 94.00
Eng Associate: Database Engineer, 85.16, 87.29, 89.47, 91.71, 94.00
Eng Associate: Computer Systems Architect, 85.16, 87.29, 89.47, 91.71, 94.00
IT Principal: System Administrator, 272.55, 279.36, 286.35, 293.51, 300.84
IT Principal: Computer Operations Support Analyst, 272.55, 279.36, 286.35, 293.51, 300.84
IT Principal: Training & Development Representative, 272.55, 279.36, 286.35, 293.51, 300.84
IT Principal: Database Administrator, 272.55, 279.36, 286.35, 293.51, 300.84
IT Principal: Applications Analyst, 272.55, 279.36, 286.35, 293.51, 300.84
IT Principal: Quality Analyst, 272.55, 279.36, 286.35, 293.51, 300.84
IT Principal: Computer Systems Analyst, 272.55, 279.36, 286.35, 293.51, 300.84
IT Sr. Staff: System Administrator, 201.26, 206.29, 211.45, 216.74, 222.15
IT Sr. Staff: Computer Operations Support Analyst, 201.26, 206.29, 211.45, 216.74, 222.15
IT Sr. Staff: Training & Development Representative, 201.26, 206.29, 211.45, 216.74, 222.15
IT Sr. Staff: Database Administrator, 201.26, 206.29, 211.45, 216.74, 222.15
IT Sr. Staff: Applications Analyst, 201.26, 206.29, 211.45, 216.74, 222.15
IT Sr. Staff: Quality Analyst, 201.26, 206.29, 211.45, 216.74, 222.15
IT Sr. Staff: Computer Systems Analyst, 201.26, 206.29, 211.45, 216.74, 222.15
IT Senior: System Administrator, 150.35, 154.11, 157.96, 161.91, 165.96
IT Senior: Computer Operations Support Analyst, 150.35, 154.11, 157.96, 161.91, 165.96
IT Senior: Training & Development Representative, 150.35, 154.11, 157.96, 161.91, 165.96
IT Senior: Database Administrator, 150.35, 154.11, 157.96, 161.91, 165.96
IT Senior: Applications Analyst, 150.35, 154.11, 157.96, 161.91, 165.96
IT Senior: Quality Analyst, 150.35, 154.11, 157.96, 161.91, 165.96
IT Senior: Computer Systems Analyst, 150.35, 154.11, 157.96, 161.91, 165.96
IT Associate: System Administrator, 85.16, 87.29, 89.47, 91.71, 94.00
IT Associate: Computer Operations Support Analyst, 85.16, 87.29, 89.47, 91.71, 94.00
IT Associate: Training & Development Representative, 85.16, 87.29, 89.47, 91.71, 94.00
IT Associate: Database, 85.16, 87.29, 89.47, 91.71, 94.00
IT Associate: Applications Analyst, 85.16, 87.29, 89.47, 91.71, 94.00
IT Associate: Quality Analyst, 85.16, 87.29, 89.47, 91.71, 94.00
IT Associate: Computer Systems Analyst, 85.16, 87.29, 89.47, 91.71, 94.00

